HE provider,Continuation %,Average Salary,Academic Services Expenditure per Student,Facilities Expenditure per Student,Student/Staff Ratio,% Graduates in High Skilled Work,Applications to Acceptance (%),% Satisfied with Teaching,% Satisfied with Course,% Satisfied with Assessment,Subjects
The University of Aberdeen,95.6,28007.0,1507.0,1651.0,13.1,39.7,13.27,88.2,86.9,70.8,"['Medicine and dentistry', 'Subjects allied to medicine', 'Biological and sport sciences', 'Psychology', 'Physical sciences', 'Mathematical sciences', 'Engineering and technology', 'Computing', 'Architecture, building and planning', 'Social sciences', 'Law', 'Business and management', 'Language and area studies', 'Historical, philosophical and religious studies', 'Education and teaching', 'Design, and creative and performing arts', 'Geography, earth and environmental studies']"
Abertay University,87.9,25000.0,1002.0,2664.0,21.4,36.5,20.835,92.30000000000001,90.0,82.89999999999999,"['Subjects allied to medicine', 'Biological and sport sciences', 'Psychology', 'Agriculture, food and related studies', 'Physical sciences', 'Engineering and technology', 'Computing', 'Social sciences', 'Law', 'Business and management', 'Design, and creative and performing arts']"
Aberystwyth University,95.9,23466.0,1735.0,1423.0,15.0,29.0,19.085,90.0,88.7,81.69999999999999,"['Biological and sport sciences', 'Psychology', 'Veterinary sciences', 'Agriculture, food and related studies', 'Physical sciences', 'Mathematical sciences', 'Engineering and technology', 'Computing', 'Social sciences', 'Law', 'Business and management', 'Language and area studies', 'Historical, philosophical and religious studies', 'Education and teaching', 'Media, journalism and communications', 'Design, and creative and performing arts', 'Geography, earth and environmental studies']"
Anglia Ruskin University,89.7,26387.0,778.0,1594.0,35.9,48.8,15.100000000000001,86.8,81.5,74.2,"['Subjects allied to medicine', 'Biological and sport sciences', 'Psychology', 'Veterinary sciences', 'Physical sciences', 'Engineering and technology', 'Computing', 'Architecture, building and planning', 'Social sciences', 'Law', 'Business and management', 'Language and area studies', 'Historical, philosophical and religious studies', 'Education and teaching', 'Combined and general studies', 'Media, journalism and communications', 'Design, and creative and performing arts']"
Aston University,96.3,26802.0,1177.0,1598.0,18.2,56.0,14.465,83.3,83.6,69.89999999999999,"['Subjects allied to medicine', 'Biological and sport sciences', 'Psychology', 'Physical sciences', 'Mathematical sciences', 'Engineering and technology', 'Computing', 'Architecture, building and planning', 'Social sciences', 'Law', 'Business and management', 'Language and area studies']"
Bangor University,93.5,23318.0,1116.0,1845.0,13.3,31.8,23.53,86.4,86.4,76.4,"['Subjects allied to medicine', 'Biological and sport sciences', 'Psychology', 'Agriculture, food and related studies', 'Physical sciences', 'Engineering and technology', 'Computing', 'Social sciences', 'Law', 'Business and management', 'Language and area studies', 'Historical, philosophical and religious studies', 'Education and teaching', 'Media, journalism and communications', 'Design, and creative and performing arts', 'Geography, earth and environmental studies']"
Bath Spa University,92.7,22584.0,1313.0,1985.0,22.5,36.5,17.725,82.1,79.0,69.3,"['Subjects allied to medicine', 'Biological and sport sciences', 'Psychology', 'Computing', 'Social sciences', 'Business and management', 'Language and area studies', 'Historical, philosophical and religious studies', 'Education and teaching', 'Media, journalism and communications', 'Design, and creative and performing arts', 'Geography, earth and environmental studies']"
The University of Bath,98.1,29933.0,1542.0,1906.0,14.3,58.2,12.940000000000001,89.60000000000001,88.9,67.9,"['Subjects allied to medicine', 'Biological and sport sciences', 'Psychology', 'Physical sciences', 'Mathematical sciences', 'Engineering and technology', 'Computing', 'Architecture, building and planning', 'Social sciences', 'Business and management', 'Language and area studies', 'Combined and general studies']"
University of Bedfordshire,79.1,24728.0,874.0,1273.0,34.8,42.7,13.535,79.60000000000001,73.3,69.89999999999999,"['Subjects allied to medicine', 'Biological and sport sciences', 'Psychology', 'Physical sciences', 'Engineering and technology', 'Computing', 'Architecture, building and planning', 'Social sciences', 'Law', 'Business and management', 'Language and area studies', 'Education and teaching', 'Media, journalism and communications', 'Design, and creative and performing arts']"
Queen's University Belfast,95.7,24357.0,1166.0,1934.0,13.0,48.5,14.48,83.7,77.5,64.60000000000001,"['Medicine and dentistry', 'Subjects allied to medicine', 'Biological and sport sciences', 'Psychology', 'Agriculture, food and related studies', 'Physical sciences', 'Mathematical sciences', 'Engineering and technology', 'Computing', 'Architecture, building and planning', 'Social sciences', 'Law', 'Business and management', 'Language and area studies', 'Historical, philosophical and religious studies', 'Media, journalism and communications', 'Design, and creative and performing arts', 'Geography, earth and environmental studies']"
BIMM Limited,86.2,21576.0,,,,37.0,,83.0,77.4,75.9,"['Business and management', 'Media, journalism and communications', 'Design, and creative and performing arts']"
Birkbeck College,89.1,30900.0,905.0,2659.0,19.5,32.1,,84.7,78.5,70.7,"['Biological and sport sciences', 'Psychology', 'Mathematical sciences', 'Computing', 'Social sciences', 'Law', 'Business and management', 'Language and area studies', 'Historical, philosophical and religious studies', 'Media, journalism and communications', 'Design, and creative and performing arts', 'Geography, earth and environmental studies']"
Birmingham City University,90.8,24315.0,1187.0,1017.0,,46.1,14.645,85.6,82.0,76.0,"['Subjects allied to medicine', 'Biological and sport sciences', 'Psychology', 'Physical sciences', 'Engineering and technology', 'Computing', 'Architecture, building and planning', 'Social sciences', 'Law', 'Business and management', 'Language and area studies', 'Historical, philosophical and religious studies', 'Education and teaching', 'Media, journalism and communications', 'Design, and creative and performing arts']"
The University of Birmingham,97.6,27789.0,2133.0,2039.0,,52.9,11.9,86.0,83.5,64.8,"['Medicine and dentistry', 'Subjects allied to medicine', 'Biological and sport sciences', 'Psychology', 'Physical sciences', 'Mathematical sciences', 'Engineering and technology', 'Computing', 'Architecture, building and planning', 'Social sciences', 'Law', 'Business and management', 'Language and area studies', 'Historical, philosophical and religious studies', 'Education and teaching', 'Combined and general studies', 'Design, and creative and performing arts', 'Geography, earth and environmental studies']"
University College Birmingham,90.6,21535.0,801.0,2417.0,18.3,21.1,23.689999999999998,85.1,84.2,79.60000000000001,"['Subjects allied to medicine', 'Biological and sport sciences', 'Agriculture, food and related studies', 'Social sciences', 'Business and management', 'Education and teaching', 'Design, and creative and performing arts']"
Bishop Grosseteste University,90.5,22818.0,1302.0,3911.0,21.7,47.7,39.019999999999996,85.39999999999999,85.0,79.9,"['Subjects allied to medicine', 'Biological and sport sciences', 'Psychology', 'Social sciences', 'Language and area studies', 'Historical, philosophical and religious studies', 'Education and teaching', 'Design, and creative and performing arts']"
Bloomsbury Institute,68.2,,,,,29.4,6.68,89.9,92.7,83.39999999999999,"['Law', 'Business and management']"
The University of Bolton,85.3,25159.0,964.0,1172.0,,35.7,20.84,89.60000000000001,85.0,81.10000000000001,"['Subjects allied to medicine', 'Biological and sport sciences', 'Psychology', 'Engineering and technology', 'Computing', 'Social sciences', 'Law', 'Business and management', 'Language and area studies', 'Education and teaching', 'Media, journalism and communications', 'Design, and creative and performing arts']"
The Arts University Bournemouth,94.9,23057.0,1346.0,3678.0,14.7,37.8,18.115000000000002,,,,[]
Bournemouth University,91.8,25764.0,1371.0,1401.0,22.4,57.8,19.28,86.2,82.19999999999999,74.8,"['Subjects allied to medicine', 'Biological and sport sciences', 'Psychology', 'Physical sciences', 'Engineering and technology', 'Computing', 'Social sciences', 'Law', 'Business and management', 'Language and area studies', 'Historical, philosophical and religious studies', 'Combined and general studies', 'Media, journalism and communications', 'Design, and creative and performing arts', 'Geography, earth and environmental studies']"
The University of Bradford,92.3,24984.0,1245.0,3238.0,20.4,40.3,15.16,76.5,71.5,66.5,"['Subjects allied to medicine', 'Biological and sport sciences', 'Psychology', 'Physical sciences', 'Engineering and technology', 'Computing', 'Social sciences', 'Law', 'Business and management', 'Media, journalism and communications', 'Design, and creative and performing arts']"
The University of Brighton,91.0,26438.0,1265.0,1616.0,19.1,52.1,13.33,84.3,77.5,68.4,"['Subjects allied to medicine', 'Biological and sport sciences', 'Psychology', 'Physical sciences', 'Mathematical sciences', 'Engineering and technology', 'Computing', 'Architecture, building and planning', 'Social sciences', 'Law', 'Business and management', 'Language and area studies', 'Historical, philosophical and religious studies', 'Education and teaching', 'Combined and general studies', 'Media, journalism and communications', 'Design, and creative and performing arts', 'Geography, earth and environmental studies']"
The University of Bristol,97.8,28964.0,1512.0,3288.0,8.9,49.4,11.96,86.8,81.2,65.2,"['Medicine and dentistry', 'Subjects allied to medicine', 'Biological and sport sciences', 'Psychology', 'Veterinary sciences', 'Physical sciences', 'Mathematical sciences', 'Engineering and technology', 'Computing', 'Social sciences', 'Law', 'Business and management', 'Language and area studies', 'Education and teaching', 'Design, and creative and performing arts', 'Geography, earth and environmental studies']"
Brunel University London,93.5,27322.0,1099.0,3955.0,16.9,45.7,10.98,77.10000000000001,75.1,64.9,"['Subjects allied to medicine', 'Biological and sport sciences', 'Psychology', 'Mathematical sciences', 'Engineering and technology', 'Computing', 'Social sciences', 'Law', 'Business and management', 'Language and area studies', 'Historical, philosophical and religious studies', 'Education and teaching', 'Media, journalism and communications', 'Design, and creative and performing arts', 'Geography, earth and environmental studies']"
Buckinghamshire New University,85.4,26833.0,566.0,1509.0,,51.7,24.72,87.5,86.3,78.5,"['Subjects allied to medicine', 'Biological and sport sciences', 'Psychology', 'Engineering and technology', 'Computing', 'Social sciences', 'Business and management', 'Media, journalism and communications', 'Design, and creative and performing arts']"
The University of Buckingham,94.3,,827.0,2167.0,,23.3,11.925,88.6,89.4,73.8,"['Medicine and dentistry', 'Psychology', 'Computing', 'Social sciences', 'Law', 'Business and management', 'Language and area studies', 'Historical, philosophical and religious studies']"
The University of Cambridge,99.2,31233.0,2531.0,7245.0,3.7,51.5,17.939999999999998,88.1,82.6,66.4,['Medicine and dentistry']
Canterbury Christ Church University,88.8,25130.0,1143.0,2203.0,21.3,51.2,25.24,84.89999999999999,78.60000000000001,75.1,"['Subjects allied to medicine', 'Biological and sport sciences', 'Psychology', 'Agriculture, food and related studies', 'Physical sciences', 'Computing', 'Social sciences', 'Law', 'Business and management', 'Language and area studies', 'Historical, philosophical and religious studies', 'Education and teaching', 'Media, journalism and communications', 'Design, and creative and performing arts', 'Geography, earth and environmental studies']"
Cardiff University,96.6,26378.0,1459.0,1802.0,11.4,53.3,16.285,84.1,79.10000000000001,68.2,"['Medicine and dentistry', 'Subjects allied to medicine', 'Biological and sport sciences', 'Psychology', 'Physical sciences', 'Mathematical sciences', 'Engineering and technology', 'Computing', 'Architecture, building and planning', 'Social sciences', 'Law', 'Business and management', 'Language and area studies', 'Historical, philosophical and religious studies', 'Education and teaching', 'Media, journalism and communications', 'Design, and creative and performing arts', 'Geography, earth and environmental studies']"
Cardiff Metropolitan University,89.4,23746.0,1458.0,1052.0,20.8,40.8,23.875,86.5,84.0,76.0,"['Subjects allied to medicine', 'Biological and sport sciences', 'Psychology', 'Agriculture, food and related studies', 'Engineering and technology', 'Computing', 'Architecture, building and planning', 'Social sciences', 'Business and management', 'Language and area studies', 'Education and teaching', 'Design, and creative and performing arts']"
The University of Central Lancashire,87.9,24788.0,1505.0,1734.0,17.1,44.5,19.285,83.1,80.80000000000001,76.4,"['Medicine and dentistry', 'Subjects allied to medicine', 'Biological and sport sciences', 'Psychology', 'Physical sciences', 'Mathematical sciences', 'Engineering and technology', 'Computing', 'Architecture, building and planning', 'Social sciences', 'Law', 'Business and management', 'Language and area studies', 'Historical, philosophical and religious studies', 'Education and teaching', 'Media, journalism and communications', 'Design, and creative and performing arts', 'Geography, earth and environmental studies']"
University of Chester,90.8,24261.0,1565.0,1561.0,22.6,41.1,14.184999999999999,85.9,87.4,77.10000000000001,"['Subjects allied to medicine', 'Biological and sport sciences', 'Psychology', 'Agriculture, food and related studies', 'Physical sciences', 'Mathematical sciences', 'Engineering and technology', 'Computing', 'Social sciences', 'Law', 'Business and management', 'Language and area studies', 'Historical, philosophical and religious studies', 'Education and teaching', 'Media, journalism and communications', 'Design, and creative and performing arts', 'Geography, earth and environmental studies']"
The University of Chichester,92.4,22937.0,905.0,1608.0,,44.1,20.525,88.0,85.7,78.10000000000001,"['Biological and sport sciences', 'Psychology', 'Mathematical sciences', 'Computing', 'Social sciences', 'Business and management', 'Language and area studies', 'Historical, philosophical and religious studies', 'Education and teaching', 'Media, journalism and communications', 'Design, and creative and performing arts']"
"City, University of London",92.3,27333.0,1474.0,2456.0,20.6,45.9,10.945,75.5,70.0,63.7,"['Subjects allied to medicine', 'Psychology', 'Mathematical sciences', 'Engineering and technology', 'Computing', 'Social sciences', 'Law', 'Business and management', 'Language and area studies', 'Media, journalism and communications', 'Design, and creative and performing arts']"
Conservatoire for Dance and Drama,94.9,,,1944.0,,45.3,,93.5,92.30000000000001,75.0,"['Design, and creative and performing arts']"
Coventry University,92.3,25604.0,1525.0,1220.0,16.7,45.0,17.03,87.4,82.89999999999999,75.7,"['Subjects allied to medicine', 'Biological and sport sciences', 'Psychology', 'Physical sciences', 'Mathematical sciences', 'Engineering and technology', 'Computing', 'Architecture, building and planning', 'Social sciences', 'Law', 'Business and management', 'Language and area studies', 'Historical, philosophical and religious studies', 'Education and teaching', 'Media, journalism and communications', 'Design, and creative and performing arts', 'Geography, earth and environmental studies']"
University for the Creative Arts,93.2,22846.0,1903.0,1700.0,,32.2,17.58,87.9,85.6,77.9,"['Architecture, building and planning', 'Business and management', 'Media, journalism and communications', 'Design, and creative and performing arts']"
University of Cumbria,91.0,25776.0,960.0,2958.0,23.7,54.5,20.725,84.0,79.60000000000001,76.7,"['Subjects allied to medicine', 'Biological and sport sciences', 'Psychology', 'Agriculture, food and related studies', 'Physical sciences', 'Social sciences', 'Law', 'Business and management', 'Language and area studies', 'Education and teaching', 'Media, journalism and communications', 'Design, and creative and performing arts', 'Geography, earth and environmental studies']"
De Montfort University,90.9,24728.0,1062.0,1328.0,23.8,40.1,22.41,81.39999999999999,81.10000000000001,70.0,"['Subjects allied to medicine', 'Psychology', 'Physical sciences', 'Mathematical sciences', 'Engineering and technology', 'Computing', 'Architecture, building and planning', 'Social sciences', 'Law', 'Business and management', 'Language and area studies', 'Historical, philosophical and religious studies', 'Education and teaching', 'Media, journalism and communications', 'Design, and creative and performing arts']"
University of Derby,89.7,24657.0,1107.0,1722.0,18.4,41.9,16.615000000000002,89.1,86.6,77.9,"['Subjects allied to medicine', 'Biological and sport sciences', 'Psychology', 'Physical sciences', 'Mathematical sciences', 'Engineering and technology', 'Computing', 'Architecture, building and planning', 'Social sciences', 'Law', 'Business and management', 'Language and area studies', 'Historical, philosophical and religious studies', 'Education and teaching', 'Media, journalism and communications', 'Design, and creative and performing arts', 'Geography, earth and environmental studies']"
The University of Dundee,94.6,26919.0,1580.0,1944.0,12.4,53.6,11.9,87.6,87.0,71.5,"['Medicine and dentistry', 'Subjects allied to medicine', 'Biological and sport sciences', 'Psychology', 'Physical sciences', 'Mathematical sciences', 'Engineering and technology', 'Computing', 'Architecture, building and planning', 'Social sciences', 'Law', 'Business and management', 'Language and area studies', 'Historical, philosophical and religious studies', 'Education and teaching', 'Media, journalism and communications', 'Design, and creative and performing arts', 'Geography, earth and environmental studies']"
University of Durham,97.6,28140.0,2122.0,2585.0,11.5,48.0,,86.3,86.4,71.2,"['Subjects allied to medicine', 'Biological and sport sciences', 'Psychology', 'Physical sciences', 'Mathematical sciences', 'Engineering and technology', 'Computing', 'Social sciences', 'Law', 'Business and management', 'Language and area studies', 'Historical, philosophical and religious studies', 'Education and teaching', 'Design, and creative and performing arts', 'Geography, earth and environmental studies']"
The University of East Anglia,94.7,26133.0,1620.0,3007.0,11.9,46.0,,86.1,86.0,72.2,"['Medicine and dentistry', 'Subjects allied to medicine', 'Biological and sport sciences', 'Psychology', 'Physical sciences', 'Mathematical sciences', 'Engineering and technology', 'Computing', 'Social sciences', 'Law', 'Business and management', 'Language and area studies', 'Historical, philosophical and religious studies', 'Education and teaching', 'Media, journalism and communications', 'Design, and creative and performing arts', 'Geography, earth and environmental studies']"
The University of East London,87.3,26468.0,671.0,3052.0,26.5,32.5,13.754999999999999,78.4,71.1,70.1,"['Subjects allied to medicine', 'Biological and sport sciences', 'Psychology', 'Engineering and technology', 'Computing', 'Architecture, building and planning', 'Social sciences', 'Law', 'Business and management', 'Language and area studies', 'Historical, philosophical and religious studies', 'Education and teaching', 'Media, journalism and communications', 'Design, and creative and performing arts']"
Edge Hill University,92.9,23702.0,1378.0,1189.0,18.6,47.7,18.45,81.89999999999999,80.0,75.3,"['Subjects allied to medicine', 'Biological and sport sciences', 'Psychology', 'Computing', 'Social sciences', 'Law', 'Business and management', 'Language and area studies', 'Historical, philosophical and religious studies', 'Education and teaching', 'Media, journalism and communications', 'Design, and creative and performing arts', 'Geography, earth and environmental studies']"
Edinburgh Napier University,89.6,25972.0,1610.0,1307.0,22.7,47.4,13.53,87.7,86.0,74.2,"['Subjects allied to medicine', 'Biological and sport sciences', 'Psychology', 'Veterinary sciences', 'Engineering and technology', 'Computing', 'Architecture, building and planning', 'Social sciences', 'Law', 'Business and management', 'Language and area studies', 'Media, journalism and communications', 'Design, and creative and performing arts']"
The University of Edinburgh,96.8,28021.0,1313.0,3147.0,7.5,45.9,10.05,85.7,79.2,59.9,"['Medicine and dentistry', 'Subjects allied to medicine', 'Biological and sport sciences', 'Psychology', 'Veterinary sciences', 'Physical sciences', 'Mathematical sciences', 'Engineering and technology', 'Computing', 'Architecture, building and planning', 'Social sciences', 'Law', 'Business and management', 'Language and area studies', 'Historical, philosophical and religious studies', 'Education and teaching', 'Combined and general studies', 'Design, and creative and performing arts', 'Geography, earth and environmental studies']"
The University of Essex,91.7,25837.0,1701.0,680.0,15.7,37.7,16.925,85.7,82.89999999999999,73.2,"['Subjects allied to medicine', 'Biological and sport sciences', 'Psychology', 'Mathematical sciences', 'Engineering and technology', 'Computing', 'Social sciences', 'Law', 'Business and management', 'Language and area studies', 'Historical, philosophical and religious studies', 'Combined and general studies', 'Media, journalism and communications', 'Design, and creative and performing arts']"
The University of Exeter,97.7,27433.0,1306.0,3231.0,11.2,44.2,15.9,87.6,85.3,68.8,"['Medicine and dentistry', 'Subjects allied to medicine', 'Biological and sport sciences', 'Psychology', 'Physical sciences', 'Mathematical sciences', 'Engineering and technology', 'Computing', 'Social sciences', 'Law', 'Business and management', 'Language and area studies', 'Historical, philosophical and religious studies', 'Combined and general studies', 'Design, and creative and performing arts', 'Geography, earth and environmental studies']"
Falmouth University,90.0,21592.0,1023.0,1905.0,,40.1,28.015,85.8,81.5,76.4,"['Computing', 'Architecture, building and planning', 'Business and management', 'Language and area studies', 'Media, journalism and communications', 'Design, and creative and performing arts']"
Futureworks,87.8,,,,,42.9,22.72,82.3,70.1,71.1,"['Media, journalism and communications', 'Design, and creative and performing arts']"
Glasgow Caledonian University,91.5,26192.0,1203.0,1672.0,25.2,54.3,17.145,84.89999999999999,85.7,70.0,"['Medicine and dentistry', 'Subjects allied to medicine', 'Biological and sport sciences', 'Psychology', 'Physical sciences', 'Engineering and technology', 'Computing', 'Architecture, building and planning', 'Social sciences', 'Law', 'Business and management', 'Language and area studies', 'Media, journalism and communications', 'Design, and creative and performing arts']"
Glasgow School of Art,98.7,,990.0,4654.0,15.4,30.4,11.045,74.6,58.199999999999996,64.9,"['Design, and creative and performing arts']"
The University of Glasgow,95.9,27750.0,1685.0,1005.0,9.9,48.1,13.46,88.8,86.5,65.3,"['Medicine and dentistry', 'Subjects allied to medicine', 'Biological and sport sciences', 'Psychology', 'Veterinary sciences', 'Agriculture, food and related studies', 'Physical sciences', 'Mathematical sciences', 'Engineering and technology', 'Computing', 'Architecture, building and planning', 'Social sciences', 'Law', 'Business and management', 'Language and area studies', 'Historical, philosophical and religious studies', 'Education and teaching', 'Design, and creative and performing arts', 'Geography, earth and environmental studies']"
University of Gloucestershire,92.6,23190.0,1360.0,2948.0,,44.3,24.455,84.89999999999999,80.60000000000001,74.7,"['Subjects allied to medicine', 'Biological and sport sciences', 'Psychology', 'Computing', 'Architecture, building and planning', 'Social sciences', 'Law', 'Business and management', 'Language and area studies', 'Historical, philosophical and religious studies', 'Education and teaching', 'Media, journalism and communications', 'Design, and creative and performing arts', 'Geography, earth and environmental studies']"
The University of Greenwich,91.4,27410.0,1066.0,1157.0,24.5,47.0,14.455,83.6,80.60000000000001,75.8,"['Subjects allied to medicine', 'Biological and sport sciences', 'Psychology', 'Physical sciences', 'Mathematical sciences', 'Engineering and technology', 'Computing', 'Architecture, building and planning', 'Social sciences', 'Law', 'Business and management', 'Language and area studies', 'Historical, philosophical and religious studies', 'Education and teaching', 'Media, journalism and communications', 'Design, and creative and performing arts']"
Harper Adams University,95.9,25818.0,909.0,1325.0,,48.4,21.45,89.1,88.9,77.7,"['Veterinary sciences', 'Agriculture, food and related studies', 'Engineering and technology', 'Business and management', 'Geography, earth and environmental studies']"
Hartpury University,88.7,,1051.0,7016.0,,,24.605,90.60000000000001,90.8,80.9,"['Subjects allied to medicine', 'Biological and sport sciences', 'Veterinary sciences', 'Agriculture, food and related studies', 'Business and management']"
Heriot-Watt University,93.2,26520.0,1609.0,4254.0,14.2,49.4,15.780000000000001,82.6,80.0,62.6,"['Biological and sport sciences', 'Psychology', 'Agriculture, food and related studies', 'Physical sciences', 'Mathematical sciences', 'Engineering and technology', 'Computing', 'Architecture, building and planning', 'Social sciences', 'Law', 'Business and management', 'Language and area studies', 'Design, and creative and performing arts']"
University of Hertfordshire,91.7,26047.0,1191.0,803.0,20.4,45.7,17.25,84.1,82.69999999999999,74.4,"['Subjects allied to medicine', 'Biological and sport sciences', 'Psychology', 'Physical sciences', 'Mathematical sciences', 'Engineering and technology', 'Computing', 'Architecture, building and planning', 'Social sciences', 'Law', 'Business and management', 'Language and area studies', 'Historical, philosophical and religious studies', 'Education and teaching', 'Combined and general studies', 'Media, journalism and communications', 'Design, and creative and performing arts', 'Geography, earth and environmental studies']"
The University of Huddersfield,91.4,24085.0,1501.0,1061.0,,44.1,17.78,81.8,80.30000000000001,75.8,"['Subjects allied to medicine', 'Biological and sport sciences', 'Psychology', 'Physical sciences', 'Engineering and technology', 'Computing', 'Architecture, building and planning', 'Social sciences', 'Law', 'Business and management', 'Language and area studies', 'Historical, philosophical and religious studies', 'Education and teaching', 'Combined and general studies', 'Media, journalism and communications', 'Design, and creative and performing arts']"
The University of Hull,92.8,24902.0,1720.0,1770.0,16.3,41.8,19.28,88.2,85.9,75.5,"['Subjects allied to medicine', 'Biological and sport sciences', 'Psychology', 'Physical sciences', 'Mathematical sciences', 'Engineering and technology', 'Computing', 'Social sciences', 'Law', 'Business and management', 'Language and area studies', 'Historical, philosophical and religious studies', 'Education and teaching', 'Media, journalism and communications', 'Design, and creative and performing arts', 'Geography, earth and environmental studies']"
"Imperial College of Science, Technology and Medicine",97.6,32965.0,2827.0,4898.0,4.9,49.1,,83.7,79.10000000000001,57.9,"['Medicine and dentistry', 'Subjects allied to medicine', 'Biological and sport sciences', 'Physical sciences', 'Mathematical sciences', 'Engineering and technology', 'Computing', 'Business and management', 'Language and area studies', 'Geography, earth and environmental studies']"
Keele University,95.1,25343.0,1343.0,1898.0,15.8,43.8,13.485,,,,[]
The University of Kent,94.8,26265.0,1148.0,1773.0,16.0,39.7,15.725000000000001,85.0,83.1,67.7,"['Biological and sport sciences', 'Psychology', 'Agriculture, food and related studies', 'Physical sciences', 'Mathematical sciences', 'Engineering and technology', 'Computing', 'Architecture, building and planning', 'Social sciences', 'Law', 'Business and management', 'Language and area studies', 'Historical, philosophical and religious studies', 'Combined and general studies', 'Media, journalism and communications', 'Design, and creative and performing arts']"
King's College London,94.7,30535.0,1743.0,3839.0,7.9,46.5,11.54,83.5,78.0,62.3,"['Medicine and dentistry', 'Subjects allied to medicine', 'Biological and sport sciences', 'Psychology', 'Physical sciences', 'Mathematical sciences', 'Engineering and technology', 'Computing', 'Social sciences', 'Law', 'Business and management', 'Language and area studies', 'Historical, philosophical and religious studies', 'Media, journalism and communications', 'Design, and creative and performing arts', 'Geography, earth and environmental studies']"
Kingston University,92.5,26263.0,1613.0,991.0,22.3,41.1,15.605,82.3,80.60000000000001,73.6,"['Subjects allied to medicine', 'Biological and sport sciences', 'Psychology', 'Physical sciences', 'Mathematical sciences', 'Engineering and technology', 'Computing', 'Architecture, building and planning', 'Social sciences', 'Law', 'Business and management', 'Language and area studies', 'Historical, philosophical and religious studies', 'Education and teaching', 'Media, journalism and communications', 'Design, and creative and performing arts', 'Geography, earth and environmental studies']"
The University of Lancaster,96.3,26500.0,2094.0,1857.0,10.8,42.7,,87.9,87.3,69.1,"['Medicine and dentistry', 'Subjects allied to medicine', 'Biological and sport sciences', 'Psychology', 'Physical sciences', 'Mathematical sciences', 'Engineering and technology', 'Computing', 'Social sciences', 'Law', 'Business and management', 'Language and area studies', 'Historical, philosophical and religious studies', 'Media, journalism and communications', 'Design, and creative and performing arts', 'Geography, earth and environmental studies']"
Leeds Arts University,96.2,20625.0,795.0,1980.0,15.9,40.7,16.655,84.39999999999999,82.8,81.0,"['Design, and creative and performing arts']"
Leeds Beckett University,90.5,24008.0,1261.0,908.0,24.8,44.8,19.04,86.8,84.8,75.2,"['Subjects allied to medicine', 'Biological and sport sciences', 'Psychology', 'Engineering and technology', 'Computing', 'Architecture, building and planning', 'Social sciences', 'Law', 'Business and management', 'Language and area studies', 'Historical, philosophical and religious studies', 'Education and teaching', 'Media, journalism and communications', 'Design, and creative and performing arts', 'Geography, earth and environmental studies']"
The University of Leeds,97.0,26738.0,2361.0,2297.0,10.6,51.3,11.485,85.7,82.1,68.0,"['Medicine and dentistry', 'Subjects allied to medicine', 'Biological and sport sciences', 'Psychology', 'Agriculture, food and related studies', 'Physical sciences', 'Mathematical sciences', 'Engineering and technology', 'Computing', 'Architecture, building and planning', 'Social sciences', 'Law', 'Business and management', 'Language and area studies', 'Historical, philosophical and religious studies', 'Education and teaching', 'Combined and general studies', 'Media, journalism and communications', 'Design, and creative and performing arts', 'Geography, earth and environmental studies']"
Leeds Trinity University,90.9,22078.0,896.0,1595.0,36.9,39.3,14.024999999999999,85.5,82.89999999999999,77.3,"['Subjects allied to medicine', 'Biological and sport sciences', 'Psychology', 'Social sciences', 'Business and management', 'Language and area studies', 'Historical, philosophical and religious studies', 'Education and teaching', 'Media, journalism and communications']"
The University of Leicester,96.9,27088.0,2008.0,2991.0,10.8,41.4,11.7,85.2,83.89999999999999,69.3,"['Medicine and dentistry', 'Subjects allied to medicine', 'Biological and sport sciences', 'Psychology', 'Physical sciences', 'Mathematical sciences', 'Engineering and technology', 'Computing', 'Social sciences', 'Law', 'Business and management', 'Language and area studies', 'Historical, philosophical and religious studies', 'Media, journalism and communications', 'Geography, earth and environmental studies']"
The University of Lincoln,95.0,24900.0,1161.0,651.0,16.4,42.1,21.575,88.7,87.9,71.5,"['Subjects allied to medicine', 'Biological and sport sciences', 'Psychology', 'Agriculture, food and related studies', 'Physical sciences', 'Mathematical sciences', 'Engineering and technology', 'Computing', 'Architecture, building and planning', 'Social sciences', 'Law', 'Business and management', 'Language and area studies', 'Historical, philosophical and religious studies', 'Media, journalism and communications', 'Design, and creative and performing arts', 'Geography, earth and environmental studies']"
Liverpool Hope University,90.3,23250.0,775.0,890.0,,34.6,13.445,86.4,83.3,76.4,"['Subjects allied to medicine', 'Biological and sport sciences', 'Psychology', 'Mathematical sciences', 'Computing', 'Social sciences', 'Law', 'Business and management', 'Language and area studies', 'Historical, philosophical and religious studies', 'Education and teaching', 'Media, journalism and communications', 'Design, and creative and performing arts', 'Geography, earth and environmental studies']"
Liverpool John Moores University,91.9,24617.0,1118.0,989.0,18.4,42.5,16.805,85.0,86.1,75.3,"['Subjects allied to medicine', 'Biological and sport sciences', 'Psychology', 'Agriculture, food and related studies', 'Physical sciences', 'Mathematical sciences', 'Engineering and technology', 'Computing', 'Architecture, building and planning', 'Social sciences', 'Law', 'Business and management', 'Language and area studies', 'Historical, philosophical and religious studies', 'Education and teaching', 'Media, journalism and communications', 'Design, and creative and performing arts', 'Geography, earth and environmental studies']"
The Liverpool Institute for Performing Arts,91.4,,141.0,6334.0,,48.5,8.25,92.5,90.60000000000001,78.3,"['Engineering and technology', 'Design, and creative and performing arts']"
The University of Liverpool,96.1,26313.0,1986.0,916.0,10.9,41.1,12.115,86.9,83.1,71.89999999999999,"['Medicine and dentistry', 'Subjects allied to medicine', 'Biological and sport sciences', 'Psychology', 'Veterinary sciences', 'Agriculture, food and related studies', 'Physical sciences', 'Mathematical sciences', 'Engineering and technology', 'Computing', 'Architecture, building and planning', 'Social sciences', 'Law', 'Business and management', 'Language and area studies', 'Historical, philosophical and religious studies', 'Combined and general studies', 'Media, journalism and communications', 'Design, and creative and performing arts', 'Geography, earth and environmental studies']"
"University of the Arts, London",93.0,23852.0,2672.0,2378.0,14.2,30.7,,81.89999999999999,78.10000000000001,76.9,"['Biological and sport sciences', 'Computing', 'Architecture, building and planning', 'Business and management', 'Media, journalism and communications', 'Design, and creative and performing arts']"
London Metropolitan University,79.3,26166.0,2182.0,1527.0,27.0,33.7,9.555,84.89999999999999,81.2,77.3,"['Subjects allied to medicine', 'Biological and sport sciences', 'Psychology', 'Physical sciences', 'Mathematical sciences', 'Engineering and technology', 'Computing', 'Architecture, building and planning', 'Social sciences', 'Law', 'Business and management', 'Language and area studies', 'Education and teaching', 'Media, journalism and communications', 'Design, and creative and performing arts']"
London South Bank University,88.0,28459.0,1430.0,2497.0,,45.0,13.75,83.39999999999999,84.0,71.1,"['Subjects allied to medicine', 'Biological and sport sciences', 'Psychology', 'Agriculture, food and related studies', 'Physical sciences', 'Engineering and technology', 'Computing', 'Architecture, building and planning', 'Social sciences', 'Law', 'Business and management', 'Language and area studies', 'Education and teaching', 'Media, journalism and communications', 'Design, and creative and performing arts']"
London School of Economics and Political Science,97.6,32418.0,1838.0,3225.0,10.1,48.2,8.51,86.4,84.3,72.2,"['Mathematical sciences', 'Social sciences', 'Law', 'Business and management', 'Historical, philosophical and religious studies', 'Geography, earth and environmental studies']"
Loughborough University,97.4,28248.0,1612.0,1083.0,12.8,58.1,12.274999999999999,88.2,89.4,75.4,"['Biological and sport sciences', 'Psychology', 'Physical sciences', 'Mathematical sciences', 'Engineering and technology', 'Computing', 'Architecture, building and planning', 'Social sciences', 'Business and management', 'Language and area studies', 'Historical, philosophical and religious studies', 'Media, journalism and communications', 'Design, and creative and performing arts', 'Geography, earth and environmental studies']"
The Manchester Metropolitan University,92.7,24000.0,1741.0,893.0,16.9,41.4,15.02,84.0,83.1,75.6,"['Subjects allied to medicine', 'Biological and sport sciences', 'Psychology', 'Physical sciences', 'Mathematical sciences', 'Engineering and technology', 'Computing', 'Architecture, building and planning', 'Social sciences', 'Law', 'Business and management', 'Language and area studies', 'Historical, philosophical and religious studies', 'Education and teaching', 'Media, journalism and communications', 'Design, and creative and performing arts', 'Geography, earth and environmental studies']"
The University of Manchester,96.4,27067.0,2385.0,3333.0,8.7,47.3,11.1,85.7,82.0,67.30000000000001,"['Medicine and dentistry', 'Subjects allied to medicine', 'Biological and sport sciences', 'Psychology', 'Physical sciences', 'Mathematical sciences', 'Engineering and technology', 'Computing', 'Architecture, building and planning', 'Social sciences', 'Law', 'Business and management', 'Language and area studies', 'Historical, philosophical and religious studies', 'Education and teaching', 'Media, journalism and communications', 'Design, and creative and performing arts', 'Geography, earth and environmental studies']"
Middlesex University,89.2,26427.0,1846.0,1391.0,22.8,33.9,13.15,81.2,77.10000000000001,74.0,"['Subjects allied to medicine', 'Biological and sport sciences', 'Psychology', 'Veterinary sciences', 'Mathematical sciences', 'Engineering and technology', 'Computing', 'Social sciences', 'Law', 'Business and management', 'Language and area studies', 'Education and teaching', 'Media, journalism and communications', 'Design, and creative and performing arts']"
Newcastle University,96.9,27486.0,1660.0,1083.0,10.2,47.2,16.465,,,,[]
Newman University,88.6,22973.0,1211.0,2254.0,21.5,41.0,17.28,89.3,83.6,79.9,"['Subjects allied to medicine', 'Biological and sport sciences', 'Psychology', 'Social sciences', 'Business and management', 'Language and area studies', 'Historical, philosophical and religious studies', 'Education and teaching', 'Design, and creative and performing arts']"
The University of Northampton,89.5,24977.0,1528.0,3726.0,19.9,45.4,18.58,81.89999999999999,79.0,74.8,"['Subjects allied to medicine', 'Biological and sport sciences', 'Psychology', 'Engineering and technology', 'Computing', 'Architecture, building and planning', 'Social sciences', 'Law', 'Business and management', 'Language and area studies', 'Historical, philosophical and religious studies', 'Education and teaching', 'Media, journalism and communications', 'Design, and creative and performing arts', 'Geography, earth and environmental studies']"
University of Northumbria at Newcastle,91.9,25426.0,1249.0,2289.0,19.1,48.5,,85.1,85.39999999999999,75.6,"['Subjects allied to medicine', 'Biological and sport sciences', 'Psychology', 'Physical sciences', 'Mathematical sciences', 'Engineering and technology', 'Computing', 'Architecture, building and planning', 'Social sciences', 'Law', 'Business and management', 'Language and area studies', 'Historical, philosophical and religious studies', 'Education and teaching', 'Media, journalism and communications', 'Design, and creative and performing arts', 'Geography, earth and environmental studies']"
Norwich University of the Arts,90.9,22100.0,2066.0,1784.0,,36.5,28.98,90.9,88.1,70.5,"['Computing', 'Architecture, building and planning', 'Business and management', 'Design, and creative and performing arts']"
University of Nottingham,96.5,27898.0,1714.0,3009.0,,53.8,13.34,87.0,82.8,68.4,"['Medicine and dentistry', 'Subjects allied to medicine', 'Biological and sport sciences', 'Psychology', 'Veterinary sciences', 'Agriculture, food and related studies', 'Physical sciences', 'Mathematical sciences', 'Engineering and technology', 'Computing', 'Architecture, building and planning', 'Social sciences', 'Law', 'Business and management', 'Language and area studies', 'Historical, philosophical and religious studies', 'Education and teaching', 'Media, journalism and communications', 'Design, and creative and performing arts', 'Geography, earth and environmental studies']"
The Nottingham Trent University,94.7,24611.0,1108.0,1125.0,,44.8,20.1,86.7,88.5,79.80000000000001,"['Subjects allied to medicine', 'Biological and sport sciences', 'Psychology', 'Veterinary sciences', 'Agriculture, food and related studies', 'Physical sciences', 'Mathematical sciences', 'Engineering and technology', 'Computing', 'Architecture, building and planning', 'Social sciences', 'Law', 'Business and management', 'Language and area studies', 'Historical, philosophical and religious studies', 'Education and teaching', 'Media, journalism and communications', 'Design, and creative and performing arts', 'Geography, earth and environmental studies']"
Oxford Brookes University,94.2,25853.0,1203.0,2607.0,17.2,51.6,20.475,79.5,78.10000000000001,65.9,"['Subjects allied to medicine', 'Biological and sport sciences', 'Psychology', 'Mathematical sciences', 'Engineering and technology', 'Computing', 'Architecture, building and planning', 'Social sciences', 'Law', 'Business and management', 'Language and area studies', 'Historical, philosophical and religious studies', 'Education and teaching', 'Media, journalism and communications', 'Design, and creative and performing arts', 'Geography, earth and environmental studies']"
The University of Oxford,98.8,30858.0,2280.0,10986.0,3.9,51.2,14.440000000000001,,,,[]
Plymouth College of Art,89.5,,761.0,2678.0,,28.6,29.22,80.4,76.3,76.1,"['Design, and creative and performing arts']"
University of Plymouth,92.8,25392.0,1674.0,1811.0,18.0,51.2,20.369999999999997,88.9,85.3,78.2,"['Medicine and dentistry', 'Subjects allied to medicine', 'Biological and sport sciences', 'Psychology', 'Agriculture, food and related studies', 'Physical sciences', 'Mathematical sciences', 'Engineering and technology', 'Computing', 'Architecture, building and planning', 'Social sciences', 'Law', 'Business and management', 'Language and area studies', 'Historical, philosophical and religious studies', 'Education and teaching', 'Media, journalism and communications', 'Design, and creative and performing arts', 'Geography, earth and environmental studies']"
The University of Portsmouth,93.2,26632.0,1276.0,578.0,19.4,41.7,20.335,87.8,86.4,73.4,"['Subjects allied to medicine', 'Biological and sport sciences', 'Psychology', 'Physical sciences', 'Mathematical sciences', 'Engineering and technology', 'Computing', 'Architecture, building and planning', 'Social sciences', 'Law', 'Business and management', 'Language and area studies', 'Historical, philosophical and religious studies', 'Education and teaching', 'Media, journalism and communications', 'Design, and creative and performing arts', 'Geography, earth and environmental studies']"
"Queen Margaret University, Edinburgh",89.4,24807.0,917.0,2262.0,24.4,44.6,14.99,89.5,84.3,71.2,"['Subjects allied to medicine', 'Biological and sport sciences', 'Psychology', 'Social sciences', 'Business and management', 'Media, journalism and communications', 'Design, and creative and performing arts']"
Queen Mary University of London,95.5,29489.0,1318.0,3004.0,9.2,46.4,11.77,82.69999999999999,79.2,62.0,"['Medicine and dentistry', 'Subjects allied to medicine', 'Biological and sport sciences', 'Psychology', 'Physical sciences', 'Mathematical sciences', 'Engineering and technology', 'Computing', 'Social sciences', 'Law', 'Business and management', 'Language and area studies', 'Historical, philosophical and religious studies', 'Media, journalism and communications', 'Design, and creative and performing arts', 'Geography, earth and environmental studies']"
Ravensbourne University London,90.2,23550.0,1124.0,5266.0,23.0,54.5,25.310000000000002,68.7,61.6,63.0,"['Engineering and technology', 'Architecture, building and planning', 'Business and management', 'Media, journalism and communications', 'Design, and creative and performing arts']"
The University of Reading,94.5,26016.0,1606.0,3521.0,14.1,49.0,15.69,85.1,81.5,69.3,"['Subjects allied to medicine', 'Biological and sport sciences', 'Psychology', 'Agriculture, food and related studies', 'Physical sciences', 'Mathematical sciences', 'Engineering and technology', 'Computing', 'Architecture, building and planning', 'Social sciences', 'Law', 'Business and management', 'Language and area studies', 'Historical, philosophical and religious studies', 'Education and teaching', 'Media, journalism and communications', 'Design, and creative and performing arts', 'Geography, earth and environmental studies']"
Regent's University London,85.5,,7118.0,8958.0,,16.2,11.715,80.30000000000001,82.1,74.5,"['Psychology', 'Social sciences', 'Business and management', 'Language and area studies', 'Historical, philosophical and religious studies', 'Media, journalism and communications', 'Design, and creative and performing arts']"
Robert Gordon University,92.3,,888.0,1048.0,24.8,,22.634999999999998,87.7,88.9,74.0,"['Subjects allied to medicine', 'Biological and sport sciences', 'Physical sciences', 'Engineering and technology', 'Computing', 'Architecture, building and planning', 'Social sciences', 'Law', 'Business and management', 'Media, journalism and communications', 'Design, and creative and performing arts']"
Roehampton University,91.3,26048.0,1488.0,2318.0,25.5,35.1,,86.8,85.1,75.9,"['Subjects allied to medicine', 'Biological and sport sciences', 'Psychology', 'Social sciences', 'Law', 'Business and management', 'Language and area studies', 'Historical, philosophical and religious studies', 'Education and teaching', 'Media, journalism and communications', 'Design, and creative and performing arts']"
Rose Bruford College of Theatre and Performance,94.8,,514.0,5314.0,,48.0,7.47,69.19999999999999,47.9,39.1,"['Engineering and technology', 'Computing', 'Design, and creative and performing arts']"
Royal Agricultural University,92.2,25750.0,2050.0,4321.0,,50.0,26.935000000000002,85.39999999999999,87.0,74.5,"['Agriculture, food and related studies', 'Architecture, building and planning', 'Business and management']"
Royal Conservatoire of Scotland,93.7,,1228.0,5396.0,10.6,46.4,,89.3,89.7,69.3,"['Education and teaching', 'Design, and creative and performing arts']"
Royal Holloway and Bedford New College,95.0,25918.0,1760.0,2347.0,13.8,34.6,,88.5,87.1,72.89999999999999,"['Biological and sport sciences', 'Psychology', 'Physical sciences', 'Mathematical sciences', 'Engineering and technology', 'Computing', 'Social sciences', 'Law', 'Business and management', 'Language and area studies', 'Historical, philosophical and religious studies', 'Combined and general studies', 'Media, journalism and communications', 'Design, and creative and performing arts', 'Geography, earth and environmental studies']"
The Royal Veterinary College,97.6,31111.0,10595.0,7784.0,8.7,58.5,,92.7,83.89999999999999,62.4,"['Biological and sport sciences', 'Veterinary sciences', 'Agriculture, food and related studies']"
The University of St Andrews,97.3,27776.0,2662.0,1786.0,9.2,33.6,8.844999999999999,93.5,92.9,79.7,"['Medicine and dentistry', 'Subjects allied to medicine', 'Biological and sport sciences', 'Psychology', 'Physical sciences', 'Mathematical sciences', 'Engineering and technology', 'Computing', 'Social sciences', 'Business and management', 'Language and area studies', 'Historical, philosophical and religious studies', 'Combined and general studies', 'Media, journalism and communications', 'Geography, earth and environmental studies']"
SAE Education Limited,80.5,,,3160.0,,38.1,,84.2,77.2,77.3,"['Engineering and technology', 'Computing', 'Business and management', 'Media, journalism and communications', 'Design, and creative and performing arts']"
"St George's, University of London",96.3,30000.0,1770.0,4659.0,11.9,58.6,9.35,,,,[]
St Mary's University College,99.1,,709.0,2040.0,,56.0,,81.39999999999999,81.8,64.2,"['Social sciences', 'Education and teaching']"
"St Mary's University, Twickenham",90.0,25692.0,936.0,4317.0,21.2,44.8,18.69,87.4,86.0,74.2,"['Subjects allied to medicine', 'Biological and sport sciences', 'Psychology', 'Physical sciences', 'Social sciences', 'Law', 'Business and management', 'Language and area studies', 'Historical, philosophical and religious studies', 'Education and teaching', 'Media, journalism and communications', 'Design, and creative and performing arts']"
The University of Salford,90.8,24552.0,1026.0,2315.0,21.3,46.3,19.04,84.8,82.89999999999999,76.6,"['Subjects allied to medicine', 'Biological and sport sciences', 'Psychology', 'Physical sciences', 'Mathematical sciences', 'Engineering and technology', 'Computing', 'Architecture, building and planning', 'Social sciences', 'Law', 'Business and management', 'Language and area studies', 'Historical, philosophical and religious studies', 'Media, journalism and communications', 'Design, and creative and performing arts', 'Geography, earth and environmental studies']"
SOAS University of London,92.6,27200.0,2095.0,3481.0,13.8,31.9,11.945,,,,[]
SRUC,95.5,,395.0,11569.0,4.2,21.2,33.055,75.8,73.3,57.699999999999996,"['Biological and sport sciences', 'Agriculture, food and related studies', 'Business and management', 'Geography, earth and environmental studies']"
Sheffield Hallam University,93.1,24610.0,1860.0,1189.0,18.7,53.7,19.095,87.5,84.1,74.0,"['Subjects allied to medicine', 'Biological and sport sciences', 'Psychology', 'Agriculture, food and related studies', 'Physical sciences', 'Mathematical sciences', 'Engineering and technology', 'Computing', 'Architecture, building and planning', 'Social sciences', 'Law', 'Business and management', 'Language and area studies', 'Historical, philosophical and religious studies', 'Education and teaching', 'Media, journalism and communications', 'Design, and creative and performing arts', 'Geography, earth and environmental studies']"
The University of Sheffield,97.3,27193.0,1621.0,1702.0,8.9,46.1,11.565,88.2,86.7,71.89999999999999,"['Medicine and dentistry', 'Subjects allied to medicine', 'Biological and sport sciences', 'Psychology', 'Physical sciences', 'Mathematical sciences', 'Engineering and technology', 'Computing', 'Architecture, building and planning', 'Social sciences', 'Law', 'Business and management', 'Language and area studies', 'Historical, philosophical and religious studies', 'Education and teaching', 'Combined and general studies', 'Media, journalism and communications', 'Design, and creative and performing arts', 'Geography, earth and environmental studies']"
Solent University,91.1,24035.0,1196.0,2363.0,19.1,38.3,20.505,88.5,83.7,78.60000000000001,"['Subjects allied to medicine', 'Biological and sport sciences', 'Psychology', 'Engineering and technology', 'Computing', 'Architecture, building and planning', 'Social sciences', 'Law', 'Business and management', 'Language and area studies', 'Media, journalism and communications', 'Design, and creative and performing arts']"
The University of Southampton,97.6,27287.0,1947.0,2050.0,9.2,52.9,10.275,87.0,85.9,71.39999999999999,"['Medicine and dentistry', 'Subjects allied to medicine', 'Biological and sport sciences', 'Psychology', 'Physical sciences', 'Mathematical sciences', 'Engineering and technology', 'Computing', 'Social sciences', 'Law', 'Business and management', 'Language and area studies', 'Historical, philosophical and religious studies', 'Education and teaching', 'Media, journalism and communications', 'Design, and creative and performing arts', 'Geography, earth and environmental studies']"
Staffordshire University,90.1,25910.0,978.0,2000.0,27.0,44.5,23.11,87.6,85.7,80.0,"['Subjects allied to medicine', 'Biological and sport sciences', 'Psychology', 'Physical sciences', 'Engineering and technology', 'Computing', 'Social sciences', 'Law', 'Business and management', 'Language and area studies', 'Historical, philosophical and religious studies', 'Education and teaching', 'Media, journalism and communications', 'Design, and creative and performing arts', 'Geography, earth and environmental studies']"
The University of Stirling,91.3,26043.0,843.0,1168.0,17.2,47.2,12.835,89.5,86.9,78.3,"['Subjects allied to medicine', 'Biological and sport sciences', 'Psychology', 'Mathematical sciences', 'Computing', 'Social sciences', 'Law', 'Business and management', 'Language and area studies', 'Historical, philosophical and religious studies', 'Education and teaching', 'Media, journalism and communications', 'Geography, earth and environmental studies']"
Stranmillis University College,93.9,22500.0,356.0,2833.0,,50.0,12.595,94.19999999999999,94.3,85.5,"['Biological and sport sciences', 'Education and teaching']"
The University of Strathclyde,93.0,27408.0,1203.0,1703.0,14.7,52.7,14.655,87.9,85.1,67.30000000000001,"['Subjects allied to medicine', 'Biological and sport sciences', 'Psychology', 'Physical sciences', 'Mathematical sciences', 'Engineering and technology', 'Computing', 'Architecture, building and planning', 'Social sciences', 'Law', 'Business and management', 'Language and area studies', 'Historical, philosophical and religious studies', 'Education and teaching', 'Media, journalism and communications', 'Design, and creative and performing arts']"
University of Suffolk,76.2,26031.0,692.0,888.0,47.8,51.1,26.869999999999997,82.1,74.3,72.7,"['Subjects allied to medicine', 'Biological and sport sciences', 'Psychology', 'Computing', 'Social sciences', 'Law', 'Business and management', 'Language and area studies', 'Historical, philosophical and religious studies', 'Education and teaching', 'Media, journalism and communications', 'Design, and creative and performing arts']"
The University of Sunderland,87.4,25086.0,1524.0,1255.0,20.4,33.2,20.33,83.89999999999999,80.7,70.89999999999999,"['Subjects allied to medicine', 'Biological and sport sciences', 'Psychology', 'Physical sciences', 'Engineering and technology', 'Computing', 'Social sciences', 'Law', 'Business and management', 'Language and area studies', 'Historical, philosophical and religious studies', 'Education and teaching', 'Media, journalism and communications', 'Design, and creative and performing arts']"
The University of Surrey,95.4,27406.0,1759.0,3698.0,14.0,53.2,10.58,84.89999999999999,79.4,64.8,"['Subjects allied to medicine', 'Biological and sport sciences', 'Psychology', 'Veterinary sciences', 'Agriculture, food and related studies', 'Physical sciences', 'Mathematical sciences', 'Engineering and technology', 'Computing', 'Social sciences', 'Law', 'Business and management', 'Language and area studies', 'Media, journalism and communications', 'Design, and creative and performing arts']"
The University of Sussex,97.0,26410.0,1431.0,1382.0,13.9,38.0,15.315,86.1,82.0,68.0,"['Subjects allied to medicine', 'Biological and sport sciences', 'Psychology', 'Physical sciences', 'Mathematical sciences', 'Engineering and technology', 'Computing', 'Social sciences', 'Law', 'Business and management', 'Language and area studies', 'Historical, philosophical and religious studies', 'Education and teaching', 'Media, journalism and communications', 'Design, and creative and performing arts', 'Geography, earth and environmental studies']"
Swansea University,94.9,25699.0,1379.0,2372.0,12.9,43.8,18.575000000000003,86.8,86.9,73.8,"['Medicine and dentistry', 'Subjects allied to medicine', 'Biological and sport sciences', 'Psychology', 'Physical sciences', 'Mathematical sciences', 'Engineering and technology', 'Computing', 'Social sciences', 'Law', 'Business and management', 'Language and area studies', 'Historical, philosophical and religious studies', 'Education and teaching', 'Media, journalism and communications', 'Geography, earth and environmental studies']"
Teesside University,87.7,24814.0,1359.0,862.0,26.1,46.9,24.93,87.7,84.5,77.5,"['Medicine and dentistry', 'Subjects allied to medicine', 'Biological and sport sciences', 'Psychology', 'Agriculture, food and related studies', 'Physical sciences', 'Engineering and technology', 'Computing', 'Social sciences', 'Law', 'Business and management', 'Language and area studies', 'Historical, philosophical and religious studies', 'Education and teaching', 'Media, journalism and communications', 'Design, and creative and performing arts', 'Geography, earth and environmental studies']"
Trinity Laban Conservatoire of Music and Dance,94.8,,787.0,6819.0,,50.0,,83.7,81.0,59.5,"['Design, and creative and performing arts']"
University of Wales Trinity Saint David,90.9,24942.0,756.0,3134.0,26.5,26.5,26.655,86.7,80.30000000000001,83.2,"['Subjects allied to medicine', 'Biological and sport sciences', 'Psychology', 'Engineering and technology', 'Computing', 'Architecture, building and planning', 'Social sciences', 'Business and management', 'Language and area studies', 'Historical, philosophical and religious studies', 'Education and teaching', 'Design, and creative and performing arts']"
University of the Highlands and Islands,88.5,26347.0,398.0,2137.0,,20.9,24.265,87.7,84.39999999999999,78.4,"['Medicine and dentistry', 'Subjects allied to medicine', 'Biological and sport sciences', 'Psychology', 'Agriculture, food and related studies', 'Physical sciences', 'Engineering and technology', 'Computing', 'Architecture, building and planning', 'Social sciences', 'Business and management', 'Language and area studies', 'Historical, philosophical and religious studies', 'Education and teaching', 'Design, and creative and performing arts', 'Geography, earth and environmental studies']"
The University of Law,96.3,,,,,50.9,14.945,82.89999999999999,82.3,70.6,"['Law', 'Business and management']"
University College London,96.7,31192.0,2120.0,4609.0,5.8,49.0,11.215,84.3,82.19999999999999,67.0,"['Medicine and dentistry', 'Subjects allied to medicine', 'Biological and sport sciences', 'Psychology', 'Physical sciences', 'Mathematical sciences', 'Engineering and technology', 'Computing', 'Architecture, building and planning', 'Social sciences', 'Law', 'Business and management', 'Language and area studies', 'Historical, philosophical and religious studies', 'Education and teaching', 'Design, and creative and performing arts', 'Geography, earth and environmental studies']"
University of South Wales,91.2,24933.0,1069.0,1510.0,21.3,36.4,21.77,84.3,82.5,77.8,"['Subjects allied to medicine', 'Biological and sport sciences', 'Psychology', 'Physical sciences', 'Mathematical sciences', 'Engineering and technology', 'Computing', 'Architecture, building and planning', 'Social sciences', 'Law', 'Business and management', 'Language and area studies', 'Historical, philosophical and religious studies', 'Education and teaching', 'Media, journalism and communications', 'Design, and creative and performing arts', 'Geography, earth and environmental studies']"
The University of Warwick,97.2,30195.0,1438.0,2240.0,10.5,48.5,12.23,86.0,83.89999999999999,70.3,"['Medicine and dentistry', 'Subjects allied to medicine', 'Biological and sport sciences', 'Psychology', 'Physical sciences', 'Mathematical sciences', 'Engineering and technology', 'Computing', 'Social sciences', 'Law', 'Business and management', 'Language and area studies', 'Historical, philosophical and religious studies', 'Education and teaching', 'Media, journalism and communications', 'Design, and creative and performing arts']"
"University of the West of England, Bristol",92.5,25649.0,962.0,1514.0,19.7,52.6,,88.8,88.6,76.5,"['Subjects allied to medicine', 'Biological and sport sciences', 'Psychology', 'Physical sciences', 'Mathematical sciences', 'Engineering and technology', 'Computing', 'Architecture, building and planning', 'Social sciences', 'Law', 'Business and management', 'Language and area studies', 'Historical, philosophical and religious studies', 'Education and teaching', 'Media, journalism and communications', 'Design, and creative and performing arts', 'Geography, earth and environmental studies']"
The University of the West of Scotland,85.5,26021.0,1456.0,2135.0,28.5,47.9,20.520000000000003,86.5,84.3,71.39999999999999,"['Subjects allied to medicine', 'Biological and sport sciences', 'Psychology', 'Physical sciences', 'Engineering and technology', 'Computing', 'Social sciences', 'Law', 'Business and management', 'Education and teaching', 'Media, journalism and communications', 'Design, and creative and performing arts']"
The University of West London,88.9,26973.0,1193.0,726.0,,41.8,14.02,89.2,85.6,78.8,"['Subjects allied to medicine', 'Psychology', 'Physical sciences', 'Engineering and technology', 'Computing', 'Architecture, building and planning', 'Social sciences', 'Law', 'Business and management', 'Education and teaching', 'Media, journalism and communications', 'Design, and creative and performing arts']"
The University of Westminster,91.0,26511.0,986.0,2052.0,22.5,35.2,,85.5,82.6,72.3,"['Subjects allied to medicine', 'Biological and sport sciences', 'Psychology', 'Engineering and technology', 'Computing', 'Architecture, building and planning', 'Social sciences', 'Law', 'Business and management', 'Language and area studies', 'Historical, philosophical and religious studies', 'Media, journalism and communications', 'Design, and creative and performing arts']"
The University of Winchester,93.4,24286.0,1132.0,2081.0,18.2,38.7,24.67,84.89999999999999,79.2,74.2,"['Biological and sport sciences', 'Psychology', 'Social sciences', 'Law', 'Business and management', 'Language and area studies', 'Historical, philosophical and religious studies', 'Education and teaching', 'Combined and general studies', 'Media, journalism and communications', 'Design, and creative and performing arts', 'Geography, earth and environmental studies']"
The University of Wolverhampton,88.7,25159.0,1368.0,1676.0,21.1,40.7,18.125,83.8,82.6,74.1,"['Subjects allied to medicine', 'Biological and sport sciences', 'Psychology', 'Physical sciences', 'Mathematical sciences', 'Engineering and technology', 'Computing', 'Architecture, building and planning', 'Social sciences', 'Law', 'Business and management', 'Language and area studies', 'Historical, philosophical and religious studies', 'Education and teaching', 'Media, journalism and communications', 'Design, and creative and performing arts']"
University of Worcester,92.5,24032.0,818.0,2365.0,22.1,46.4,21.560000000000002,88.6,86.6,80.2,"['Subjects allied to medicine', 'Biological and sport sciences', 'Psychology', 'Physical sciences', 'Computing', 'Social sciences', 'Law', 'Business and management', 'Language and area studies', 'Historical, philosophical and religious studies', 'Education and teaching', 'Media, journalism and communications', 'Design, and creative and performing arts', 'Geography, earth and environmental studies']"
Writtle University College,90.5,,1177.0,12933.0,,31.0,27.755,91.10000000000001,86.1,79.10000000000001,"['Biological and sport sciences', 'Veterinary sciences', 'Agriculture, food and related studies', 'Architecture, building and planning', 'Design, and creative and performing arts']"
York St John University,92.0,23215.0,1293.0,1147.0,20.6,39.3,18.63,89.2,86.0,81.39999999999999,"['Subjects allied to medicine', 'Biological and sport sciences', 'Psychology', 'Computing', 'Social sciences', 'Business and management', 'Language and area studies', 'Historical, philosophical and religious studies', 'Education and teaching', 'Media, journalism and communications', 'Design, and creative and performing arts', 'Geography, earth and environmental studies']"
The University of York,96.9,26616.0,1094.0,2999.0,,44.5,14.760000000000002,88.9,86.0,71.5,"['Subjects allied to medicine', 'Biological and sport sciences', 'Psychology', 'Physical sciences', 'Mathematical sciences', 'Engineering and technology', 'Computing', 'Social sciences', 'Law', 'Business and management', 'Language and area studies', 'Historical, philosophical and religious studies', 'Education and teaching', 'Media, journalism and communications', 'Design, and creative and performing arts', 'Geography, earth and environmental studies']"
